Workbook

Sheet PORTADA
B2: Coffee Biochar — Checklist de Seguimiento Diario
B7: Biodiversal SAS BIC × Cirkular Agro · Módulo 1, Sesión 1.2
B9: Extensionista: | D9: Cluster:
B11: Batch #: | D11: Fecha inicio batch:
B13: Fecha fin batch: | D13: KPI meta por horno: 18.500 L
B16: CÓMO USAR ESTE CHECKLIST
B17: 1. Cada pestaña corresponde a un horno. Completa los datos del productor al inicio del batch.
B18: 2. Registra S (Sí) o N (No) en cada celda diaria. Para litros, ingresa el número directamente.
B19: 3. El panel de resumen calcula automáticamente el ritmo acumulado y el estado de alerta.
B20: 4. El líder de clúster revisa el resumen semanal cada viernes y firma digitalmente en la celda indicada.
B21: 5. El checklist completo se adjunta como evidencia de dMRV bajo el estándar Global Artisan C-Sink.
B22: REGLA DE ORO:
B23: Registro cargado en Planboo el mismo día de la quema. Máximo: día hábil siguiente. Sin excepciones.

Sheet HORNO 1
B2: Coffee Biochar · HORNO 1 · Seguimiento Diario de Batch
B4: Extensionista: | K4: Productor:
B5: ID Horno: | K5: Vereda / Municipio:
B6: Fecha inicio batch: | K6: Fecha fin batch:
B7: Batch #: | K7: Meta por horno: 18.500 L
B9: INDICADOR / ACCIÓN | C9: Día 1 | D9: Día 2 | E9: Día 3 | F9: Día 4 | G9: Día 5 | H9: Día 6 | I9: Día 7 | J9: Día 8 | K9: Día 9 | L9: Día 10 | M9: Día 11 | N9: Día 12 | O9: Día 13 | P9: Día 14 | Q9: Día 15 | R9: META | S9: ESTADO | T9: OBSERVACIONES
B10: 1. PRODUCCIÓN · Meta: 18.500 L / horno en 15 días hábiles
B11: ¿Quemó hoy? (S/N) | R11: ≥1/día
B12: Litros quemados (ingresar número) | R12: ~1.233 L
B13: Litros acumulados (auto) | C13: =SUM(C12:C12) -> 0 | D13: =SUM(C12:D12) -> 0 | E13: =SUM(C12:E12) -> 0 | F13: =SUM(C12:F12) -> 0 | G13: =SUM(C12:G12) -> 0 | H13: =SUM(C12:H12) -> 0 | I13: =SUM(C12:I12) -> 0 | J13: =SUM(C12:J12) -> 0 | K13: =SUM(C12:K12) -> 0 | L13: =SUM(C12:L12) -> 0 | M13: =SUM(C12:M12) -> 0 | N13: =SUM(C12:N12) -> 0 | O13: =SUM(C12:O12) -> 0 | P13: =SUM(C12:P12) -> 0 | Q13: =SUM(C12:Q12) -> 0 | R13: 18.500 L | S13: =IF(R13>=18500,"✓","⚠") -> ✓
B14: Ritmo necesario hoy (L/día restante) | C14: =IFERROR((18500-C13)/15,0) -> 1233.3333 | D14: =IFERROR((18500-D13)/14,0) -> 1321.4286 | E14: =IFERROR((18500-E13)/13,0) -> 1423.0769 | F14: =IFERROR((18500-F13)/12,0) -> 1541.6667 | G14: =IFERROR((18500-G13)/11,0) -> 1681.8182 | H14: =IFERROR((18500-H13)/10,0) -> 1850 | I14: =IFERROR((18500-I13)/9,0) -> 2055.5556 | J14: =IFERROR((18500-J13)/8,0) -> 2312.5 | K14: =IFERROR((18500-K13)/7,0) -> 2642.8571 | L14: =IFERROR((18500-L13)/6,0) -> 3083.3333 | M14: =IFERROR((18500-M13)/5,0) -> 3700 | N14: =IFERROR((18500-N13)/4,0) -> 4625 | O14: =IFERROR((18500-O13)/3,0) -> 6166.6667 | P14: =IFERROR((18500-P13)/2,0) -> 9250 | Q14: =IFERROR((18500-Q13)/1,0) -> 18500 | R14: ≤1.233 L | S14: =IF(P14>1850,"⚠ ALERTA",IF(P14>1233,"⚠ RIESGO","✓ OK")) -> ⚠ ALERTA
B15: % avance vs meta (auto) | C15: =IFERROR(C13/18500,0) -> 0 | D15: =IFERROR(D13/18500,0) -> 0 | E15: =IFERROR(E13/18500,0) -> 0 | F15: =IFERROR(F13/18500,0) -> 0 | G15: =IFERROR(G13/18500,0) -> 0 | H15: =IFERROR(H13/18500,0) -> 0 | I15: =IFERROR(I13/18500,0) -> 0 | J15: =IFERROR(J13/18500,0) -> 0 | ... Q15: =IFERROR(Q13/18500,0) -> 0 | R15: 100% | S15: =IF(P15>=1,"✓","⏳") -> ⏳
B17: 2. REGISTRO PLANBOO · Máximo: día hábil siguiente a cada quema
B18: ¿Registro cargado hoy? (S/N) | R18: S todos
B19: ¿Fotos con GPS adjuntas? (S/N) | R19: S todos
B20: ¿Quemas pendientes = 0? (S/N) | R20: S todos
B22: 3. VISITA DIARIA — 5 MOMENTOS
B23: 1. Verificó estado del horno (S/N) | R23: S todos
B24: 2. Apoyó quema activa (S/N/NA) | R24: S/NA
B25: 3. Registros al día en Planboo (S/N) | R25: S todos
B26: 4. Diagnóstico de ritmo en voz alta (S/N) | R26: S todos
B27: 5. Compromiso concreto día siguiente (S/N) | R27: S todos
B29: 4. ALERTAS — marcar con 'S' si aplica; escalar ese mismo día al líder de clúster
B30: ⚠ Horno lleva 2+ días sin quema (S/N) | R30: N todos
B31: ⚠ Retraso >20% vs ritmo necesario (S/N) | R31: N todos
B32: ⚠ Inconsistencias en Planboo (S/N) | R32: N todos
B33: ⚠ Escalado a líder de clúster (S/N) | R33: según
B35: RESUMEN SEMANAL · Revisión con líder de clúster
B36: Semana | C36: Días cubiertos | D36: L acumulados | E36: Alertas escaladas | F36: Observación del líder
B37: Semana 1 | C37: Días 1–5 | D37: Ver Fila 13
B38: Semana 2 | C38: Días 6–10 | D38: Ver Fila 13
B39: Semana 3 / cierre | C39: Días 11–15 | D39: Ver Fila 13
B40: Firma extensionista: | J40: Firma líder de clúster:

Sheet HORNO 2
B2: Coffee Biochar · HORNO 2 · Seguimiento Diario de Batch
B4: Extensionista: | K4: Productor:
B5: ID Horno: | K5: Vereda / Municipio:
B6: Fecha inicio batch: | K6: Fecha fin batch:
B7: Batch #: | K7: Meta por horno: 18.500 L
B9: INDICADOR / ACCIÓN | C9: Día 1 | D9: Día 2 | E9: Día 3 | F9: Día 4 | G9: Día 5 | H9: Día 6 | I9: Día 7 | J9: Día 8 | K9: Día 9 | L9: Día 10 | M9: Día 11 | N9: Día 12 | O9: Día 13 | P9: Día 14 | Q9: Día 15 | R9: META | S9: ESTADO | T9: OBSERVACIONES
B10: 1. PRODUCCIÓN · Meta: 18.500 L / horno en 15 días hábiles
B11: ¿Quemó hoy? (S/N) | R11: ≥1/día
B12: Litros quemados (ingresar número) | R12: ~1.233 L
B13: Litros acumulados (auto) | C13: =SUM(C12:C12) -> 0 | D13: =SUM(C12:D12) -> 0 | E13: =SUM(C12:E12) -> 0 | F13: =SUM(C12:F12) -> 0 | G13: =SUM(C12:G12) -> 0 | H13: =SUM(C12:H12) -> 0 | I13: =SUM(C12:I12) -> 0 | J13: =SUM(C12:J12) -> 0 | K13: =SUM(C12:K12) -> 0 | L13: =SUM(C12:L12) -> 0 | M13: =SUM(C12:M12) -> 0 | N13: =SUM(C12:N12) -> 0 | O13: =SUM(C12:O12) -> 0 | P13: =SUM(C12:P12) -> 0 | Q13: =SUM(C12:Q12) -> 0 | R13: 18.500 L | S13: =IF(R13>=18500,"✓","⚠") -> ✓
B14: Ritmo necesario hoy (L/día restante) | C14: =IFERROR((18500-C13)/15,0) -> 1233.3333 | D14: =IFERROR((18500-D13)/14,0) -> 1321.4286 | E14: =IFERROR((18500-E13)/13,0) -> 1423.0769 | F14: =IFERROR((18500-F13)/12,0) -> 1541.6667 | G14: =IFERROR((18500-G13)/11,0) -> 1681.8182 | H14: =IFERROR((18500-H13)/10,0) -> 1850 | I14: =IFERROR((18500-I13)/9,0) -> 2055.5556 | J14: =IFERROR((18500-J13)/8,0) -> 2312.5 | K14: =IFERROR((18500-K13)/7,0) -> 2642.8571 | L14: =IFERROR((18500-L13)/6,0) -> 3083.3333 | M14: =IFERROR((18500-M13)/5,0) -> 3700 | N14: =IFERROR((18500-N13)/4,0) -> 4625 | O14: =IFERROR((18500-O13)/3,0) -> 6166.6667 | P14: =IFERROR((18500-P13)/2,0) -> 9250 | Q14: =IFERROR((18500-Q13)/1,0) -> 18500 | R14: ≤1.233 L | S14: =IF(P14>1850,"⚠ ALERTA",IF(P14>1233,"⚠ RIESGO","✓ OK")) -> ⚠ ALERTA
B15: % avance vs meta (auto) | C15: =IFERROR(C13/18500,0) -> 0 | D15: =IFERROR(D13/18500,0) -> 0 | E15: =IFERROR(E13/18500,0) -> 0 | F15: =IFERROR(F13/18500,0) -> 0 | G15: =IFERROR(G13/18500,0) -> 0 | H15: =IFERROR(H13/18500,0) -> 0 | I15: =IFERROR(I13/18500,0) -> 0 | J15: =IFERROR(J13/18500,0) -> 0 | ... Q15: =IFERROR(Q13/18500,0) -> 0 | R15: 100% | S15: =IF(P15>=1,"✓","⏳") -> ⏳
B17: 2. REGISTRO PLANBOO · Máximo: día hábil siguiente a cada quema
B18: ¿Registro cargado hoy? (S/N) | R18: S todos
B19: ¿Fotos con GPS adjuntas? (S/N) | R19: S todos
B20: ¿Quemas pendientes = 0? (S/N) | R20: S todos
B22: 3. VISITA DIARIA — 5 MOMENTOS
B23: 1. Verificó estado del horno (S/N) | R23: S todos
B24: 2. Apoyó quema activa (S/N/NA) | R24: S/NA
B25: 3. Registros al día en Planboo (S/N) | R25: S todos
B26: 4. Diagnóstico de ritmo en voz alta (S/N) | R26: S todos
B27: 5. Compromiso concreto día siguiente (S/N) | R27: S todos
B29: 4. ALERTAS — marcar con 'S' si aplica; escalar ese mismo día al líder de clúster
B30: ⚠ Horno lleva 2+ días sin quema (S/N) | R30: N todos
B31: ⚠ Retraso >20% vs ritmo necesario (S/N) | R31: N todos
B32: ⚠ Inconsistencias en Planboo (S/N) | R32: N todos
B33: ⚠ Escalado a líder de clúster (S/N) | R33: según
B35: RESUMEN SEMANAL · Revisión con líder de clúster
B36: Semana | C36: Días cubiertos | D36: L acumulados | E36: Alertas escaladas | F36: Observación del líder
B37: Semana 1 | C37: Días 1–5 | D37: Ver Fila 13
B38: Semana 2 | C38: Días 6–10 | D38: Ver Fila 13
B39: Semana 3 / cierre | C39: Días 11–15 | D39: Ver Fila 13
B40: Firma extensionista: | J40: Firma líder de clúster:

Sheet HORNO 3
B2: Coffee Biochar · HORNO 3 · Seguimiento Diario de Batch
B4: Extensionista: | K4: Productor:
B5: ID Horno: | K5: Vereda / Municipio:
B6: Fecha inicio batch: | K6: Fecha fin batch:
B7: Batch #: | K7: Meta por horno: 18.500 L
B9: INDICADOR / ACCIÓN | C9: Día 1 | D9: Día 2 | E9: Día 3 | F9: Día 4 | G9: Día 5 | H9: Día 6 | I9: Día 7 | J9: Día 8 | K9: Día 9 | L9: Día 10 | M9: Día 11 | N9: Día 12 | O9: Día 13 | P9: Día 14 | Q9: Día 15 | R9: META | S9: ESTADO | T9: OBSERVACIONES
B10: 1. PRODUCCIÓN · Meta: 18.500 L / horno en 15 días hábiles
B11: ¿Quemó hoy? (S/N) | R11: ≥1/día
B12: Litros quemados (ingresar número) | R12: ~1.233 L
B13: Litros acumulados (auto) | C13: =SUM(C12:C12) -> 0 | D13: =SUM(C12:D12) -> 0 | E13: =SUM(C12:E12) -> 0 | F13: =SUM(C12:F12) -> 0 | G13: =SUM(C12:G12) -> 0 | H13: =SUM(C12:H12) -> 0 | I13: =SUM(C12:I12) -> 0 | J13: =SUM(C12:J12) -> 0 | K13: =SUM(C12:K12) -> 0 | L13: =SUM(C12:L12) -> 0 | M13: =SUM(C12:M12) -> 0 | N13: =SUM(C12:N12) -> 0 | O13: =SUM(C12:O12) -> 0 | P13: =SUM(C12:P12) -> 0 | Q13: =SUM(C12:Q12) -> 0 | R13: 18.500 L | S13: =IF(R13>=18500,"✓","⚠") -> ✓
B14: Ritmo necesario hoy (L/día restante) | C14: =IFERROR((18500-C13)/15,0) -> 1233.3333 | D14: =IFERROR((18500-D13)/14,0) -> 1321.4286 | E14: =IFERROR((18500-E13)/13,0) -> 1423.0769 | F14: =IFERROR((18500-F13)/12,0) -> 1541.6667 | G14: =IFERROR((18500-G13)/11,0) -> 1681.8182 | H14: =IFERROR((18500-H13)/10,0) -> 1850 | I14: =IFERROR((18500-I13)/9,0) -> 2055.5556 | J14: =IFERROR((18500-J13)/8,0) -> 2312.5 | K14: =IFERROR((18500-K13)/7,0) -> 2642.8571 | L14: =IFERROR((18500-L13)/6,0) -> 3083.3333 | M14: =IFERROR((18500-M13)/5,0) -> 3700 | N14: =IFERROR((18500-N13)/4,0) -> 4625 | O14: =IFERROR((18500-O13)/3,0) -> 6166.6667 | P14: =IFERROR((18500-P13)/2,0) -> 9250 | Q14: =IFERROR((18500-Q13)/1,0) -> 18500 | R14: ≤1.233 L | S14: =IF(P14>1850,"⚠ ALERTA",IF(P14>1233,"⚠ RIESGO","✓ OK")) -> ⚠ ALERTA
B15: % avance vs meta (auto) | C15: =IFERROR(C13/18500,0) -> 0 | D15: =IFERROR(D13/18500,0) -> 0 | E15: =IFERROR(E13/18500,0) -> 0 | F15: =IFERROR(F13/18500,0) -> 0 | G15: =IFERROR(G13/18500,0) -> 0 | H15: =IFERROR(H13/18500,0) -> 0 | I15: =IFERROR(I13/18500,0) -> 0 | J15: =IFERROR(J13/18500,0) -> 0 | ... Q15: =IFERROR(Q13/18500,0) -> 0 | R15: 100% | S15: =IF(P15>=1,"✓","⏳") -> ⏳
B17: 2. REGISTRO PLANBOO · Máximo: día hábil siguiente a cada quema
B18: ¿Registro cargado hoy? (S/N) | R18: S todos
B19: ¿Fotos con GPS adjuntas? (S/N) | R19: S todos
B20: ¿Quemas pendientes = 0? (S/N) | R20: S todos
B22: 3. VISITA DIARIA — 5 MOMENTOS
B23: 1. Verificó estado del horno (S/N) | R23: S todos
B24: 2. Apoyó quema activa (S/N/NA) | R24: S/NA
B25: 3. Registros al día en Planboo (S/N) | R25: S todos
B26: 4. Diagnóstico de ritmo en voz alta (S/N) | R26: S todos
B27: 5. Compromiso concreto día siguiente (S/N) | R27: S todos
B29: 4. ALERTAS — marcar con 'S' si aplica; escalar ese mismo día al líder de clúster
B30: ⚠ Horno lleva 2+ días sin quema (S/N) | R30: N todos
B31: ⚠ Retraso >20% vs ritmo necesario (S/N) | R31: N todos
B32: ⚠ Inconsistencias en Planboo (S/N) | R32: N todos
B33: ⚠ Escalado a líder de clúster (S/N) | R33: según
B35: RESUMEN SEMANAL · Revisión con líder de clúster
B36: Semana | C36: Días cubiertos | D36: L acumulados | E36: Alertas escaladas | F36: Observación del líder
B37: Semana 1 | C37: Días 1–5 | D37: Ver Fila 13
B38: Semana 2 | C38: Días 6–10 | D38: Ver Fila 13
B39: Semana 3 / cierre | C39: Días 11–15 | D39: Ver Fila 13
B40: Firma extensionista: | J40: Firma líder de clúster:

Sheet RESUMEN BACHE
B2: Coffee Biochar · Resumen de Cluster · Biodiversal SAS BIC
B4: HORNO | C4: PRODUCTOR / VEREDA | D4: L ACUMULADOS (DÍA 15) | E4: % VS META | F4: ESTADO FINAL | G4: OBS. LÍDER
B5: Horno 1 | C5: Ver pestaña HORNO 1 | D5: =IFERROR('HORNO 1'!P14,0) -> 9250 | E5: =IFERROR('HORNO 1'!P15,0) -> 0 | F5: =IF('HORNO 1'!P14>=18500,"✓ CERRADO","⏳ EN CURSO") -> ⏳ EN CURSO
B6: Horno 2 | C6: Ver pestaña HORNO 2 | D6: =IFERROR('HORNO 2'!P14,0) -> 9250 | E6: =IFERROR('HORNO 2'!P15,0) -> 0 | F6: =IF('HORNO 2'!P14>=18500,"✓ CERRADO","⏳ EN CURSO") -> ⏳ EN CURSO
B7: Horno 3 | C7: Ver pestaña HORNO 3 | D7: =IFERROR('HORNO 3'!P14,0) -> 9250 | E7: =IFERROR('HORNO 3'!P15,0) -> 0 | F7: =IF('HORNO 3'!P14>=18500,"✓ CERRADO","⏳ EN CURSO") -> ⏳ EN CURSO
B8: TOTAL 3 HORNOS | C8: KPI Meta: 55.500 L | D8: =SUM(D5:D7) -> 27750 | E8: =IFERROR(D8/55500,0) -> 0.5 | F8: =IF(D8>=55500,"✓ BATCH COMPLETO","⚠ INCOMPLETO") -> ⚠ INCOMPLETO
